total_degree,count
0.0,27665
0.5,3
1.0,22
1.5,5
2.0,13
2.5,3
3.0,19
3.5,4
4.0,16
4.5,5
5.0,15
5.5,2
6.0,11
6.5,5
7.0,12
7.5,3
8.0,15
8.5,7
9.0,2
9.5,2
10.0,11
10.5,2
11.0,18
11.5,4
12.0,10
12.5,4
13.0,8
13.5,6
14.0,11
14.5,5
15.0,4
15.5,6
16.0,10
16.5,3
17.0,11
17.5,4
18.0,9
18.5,2
19.0,9
19.5,4
20.0,26
20.5,5
21.0,9
21.5,3
22.0,10
22.5,5
23.0,9
23.5,2
24.0,5
24.5,2
25.0,11
25.5,2
26.0,6
26.5,3
27.0,12
27.5,6
28.0,10
28.5,3
29.0,7
29.5,7
30.0,106
30.5,13
31.0,20
31.5,11
32.0,14
32.5,9
33.0,13
33.5,3
34.0,30
34.5,6
35.0,17
35.5,4
36.0,20
36.5,5
37.0,23
37.5,5
38.0,16
38.5,4
39.0,27
39.5,8
40.0,87
40.5,12
41.0,25
41.5,8
42.0,32
42.5,13
43.0,31
43.5,15
44.0,20
44.5,22
45.0,30
45.5,17
46.0,41
46.5,18
47.0,33
47.5,20
48.0,35
48.5,21
49.0,30
49.5,16
50.0,45
50.5,23
51.0,33
51.5,19
52.0,43
52.5,22
53.0,37
53.5,20
54.0,45
54.5,14
55.0,56
55.5,18
56.0,59
56.5,25
57.0,61
57.5,15
58.0,32
58.5,25
59.0,45
59.5,28
60.0,84
60.5,22
61.0,45
61.5,27
62.0,40
62.5,43
63.0,37
63.5,28
64.0,41
64.5,23
65.0,46
65.5,37
66.0,45
66.5,34
67.0,53
67.5,39
68.0,47
68.5,38
69.0,36
69.5,38
70.0,83
70.5,49
71.0,51
71.5,47
72.0,63
72.5,54
73.0,66
73.5,48
74.0,92
74.5,46
75.0,87
75.5,50
76.0,71
76.5,48
77.0,75
77.5,55
78.0,101
78.5,51
79.0,67
79.5,64
80.0,91
80.5,50
81.0,84
81.5,62
82.0,76
82.5,72
83.0,98
83.5,87
84.0,89
84.5,73
85.0,120
85.5,89
86.0,119
86.5,100
87.0,120
87.5,107
88.0,147
88.5,94
89.0,155
89.5,82
90.0,173
90.5,112
91.0,174
91.5,121
92.0,212
92.5,131
93.0,167
93.5,135
94.0,188
94.5,135
95.0,209
95.5,131
96.0,196
96.5,154
97.0,240
97.5,177
98.0,240
98.5,165
99.0,233
99.5,194
100.0,268
100.5,204
101.0,300
101.5,210
102.0,302
102.5,211
103.0,288
103.5,240
104.0,321
104.5,245
105.0,349
105.5,282
106.0,350
106.5,250
107.0,363
107.5,230
108.0,354
108.5,275
109.0,371
109.5,289
110.0,423
110.5,286
111.0,401
111.5,310
112.0,444
112.5,270
113.0,412
113.5,299
114.0,479
114.5,338
115.0,467
115.5,372
116.0,524
116.5,379
117.0,572
117.5,401
118.0,562
118.5,414
119.0,545
119.5,446
120.0,580
120.5,475
121.0,577
121.5,450
122.0,633
122.5,500
123.0,609
123.5,479
124.0,627
124.5,473
125.0,618
125.5,446
126.0,611
126.5,506
127.0,772
127.5,527
128.0,686
128.5,522
129.0,753
129.5,542
130.0,724
130.5,559
131.0,796
131.5,625
132.0,796
132.5,535
133.0,815
133.5,588
134.0,861
134.5,653
135.0,873
135.5,664
136.0,939
136.5,680
137.0,937
137.5,703
138.0,948
138.5,755
139.0,961
139.5,753
140.0,961
140.5,750
141.0,937
141.5,750
142.0,964
142.5,763
143.0,936
143.5,818
144.0,1012
144.5,753
145.0,1077
145.5,828
146.0,1159
146.5,872
147.0,1230
147.5,914
148.0,1273
148.5,951
149.0,1256
149.5,929
150.0,1275
150.5,1038
151.0,1424
151.5,1075
152.0,1396
152.5,1073
153.0,1414
153.5,1147
154.0,1240
154.5,1089
155.0,1393
155.5,1190
156.0,1313
156.5,1162
157.0,1295
157.5,1126
158.0,1302
158.5,1204
159.0,1321
159.5,1198
160.0,2189
160.5,1278
161.0,1601
161.5,1399
162.0,1629
162.5,1395
163.0,1758
163.5,1454
164.0,1797
164.5,1465
165.0,1796
165.5,1537
166.0,1787
166.5,1528
167.0,1823
167.5,1619
168.0,1983
168.5,1660
169.0,1942
169.5,1704
170.0,1992
170.5,1777
171.0,2047
171.5,1735
172.0,2134
172.5,1804
173.0,2050
173.5,1813
174.0,2236
174.5,1896
175.0,2219
175.5,1967
176.0,2295
176.5,1945
177.0,2249
177.5,2009
178.0,2234
178.5,2046
179.0,2233
179.5,2121
180.0,2333
180.5,2205
181.0,2350
181.5,2172
182.0,2391
182.5,2257
183.0,2525
183.5,2282
184.0,2572
184.5,2343
185.0,2691
185.5,2384
186.0,2723
186.5,2402
187.0,2856
187.5,2649
188.0,2990
188.5,2563
189.0,2962
189.5,2623
190.0,2823
190.5,2560
191.0,2840
191.5,2571
192.0,2818
192.5,2582
193.0,2742
193.5,2638
194.0,2847
194.5,2646
195.0,2806
195.5,2716
196.0,2782
196.5,2616
197.0,2788
197.5,2693
198.0,2798
198.5,2625
199.0,2804
199.5,2691
200.0,2843
200.5,2613
201.0,2771
201.5,2699
202.0,2759
202.5,2687
203.0,2791
203.5,2625
204.0,2815
204.5,2687
205.0,6690
205.5,2873
206.0,3428
206.5,2907
207.0,3315
207.5,2966
208.0,3228
208.5,3011
209.0,3325
209.5,2941
210.0,3189
210.5,2984
211.0,3155
211.5,2879
212.0,3185
212.5,3005
213.0,3243
213.5,2864
214.0,3134
214.5,2967
215.0,3059
215.5,2928
216.0,3015
216.5,2804
217.0,3013
217.5,2766
218.0,3005
218.5,2872
219.0,2929
219.5,2884
220.0,2958
220.5,2806
221.0,2924
221.5,2897
222.0,2820
222.5,2800
223.0,2859
223.5,2714
224.0,2871
224.5,2756
225.0,2889
225.5,2858
226.0,2867
226.5,2689
227.0,2822
227.5,2675
228.0,2841
228.5,2699
229.0,2670
229.5,2708
230.0,2720
230.5,2727
231.0,2752
231.5,2701
232.0,2697
232.5,2664
233.0,2722
233.5,2695
234.0,2670
234.5,2638
235.0,2692
235.5,2568
236.0,2657
236.5,2644
237.0,2596
237.5,2598
238.0,2612
238.5,2576
239.0,2618
239.5,2565
240.0,2645
240.5,2570
241.0,2614
241.5,2429
242.0,2569
242.5,2531
243.0,2647
243.5,2546
244.0,2594
244.5,2614
245.0,2563
245.5,2524
246.0,2571
246.5,2530
247.0,2566
247.5,2477
248.0,2543
248.5,2493
249.0,2453
249.5,2450
250.0,2498
250.5,2441
251.0,2568
251.5,2408
252.0,2610
252.5,2448
253.0,2501
253.5,2428
254.0,2389
254.5,2459
255.0,2408
255.5,2381
256.0,2369
256.5,2359
257.0,2403
257.5,2404
258.0,2364
258.5,2376
259.0,2384
259.5,2425
260.0,2393
260.5,2352
261.0,2266
261.5,2387
262.0,2393
262.5,2318
263.0,2325
263.5,2315
264.0,2256
264.5,2248
265.0,2321
265.5,2266
266.0,2333
266.5,2302
267.0,2307
267.5,2225
268.0,2276
268.5,2203
269.0,2213
269.5,2149
270.0,2218
270.5,2105
271.0,2242
271.5,2154
272.0,2172
272.5,2172
273.0,2258
273.5,2160
274.0,2180
274.5,2175
275.0,2152
275.5,2120
276.0,2097
276.5,2051
277.0,2124
277.5,2045
278.0,2026
278.5,2078
279.0,2104
279.5,2118
280.0,2097
280.5,1999
281.0,2094
281.5,2038
282.0,2072
282.5,2073
283.0,1998
283.5,2033
284.0,2040
284.5,1954
285.0,2088
285.5,1972
286.0,1988
286.5,1954
287.0,1950
287.5,2032
288.0,1931
288.5,1910
289.0,2016
289.5,1939
290.0,1938
290.5,1824
291.0,1907
291.5,1840
292.0,1911
292.5,1855
293.0,1904
293.5,1763
294.0,1805
294.5,1684
295.0,1781
295.5,1675
296.0,1586
296.5,1468
297.0,1478
297.5,1360
298.0,1462
298.5,1278
299.0,1310
299.5,1180
300.0,1090
300.5,1046
301.0,1004
301.5,867
302.0,921
302.5,762
303.0,784
303.5,685
304.0,712
304.5,575
305.0,656
305.5,494
306.0,534
306.5,392
307.0,445
307.5,353
308.0,383
308.5,296
309.0,309
309.5,246
310.0,261
310.5,197
311.0,203
311.5,168
312.0,146
312.5,129
313.0,117
313.5,98
314.0,102
314.5,76
315.0,65
315.5,81
316.0,58
316.5,55
317.0,63
317.5,43
318.0,51
318.5,42
319.0,35
319.5,29
320.0,44
320.5,43
321.0,42
321.5,33
322.0,46
322.5,37
323.0,33
323.5,47
324.0,33
324.5,37
325.0,40
325.5,30
326.0,42
326.5,37
327.0,32
327.5,35
328.0,32
328.5,45
329.0,40
329.5,38
330.0,35
330.5,29
331.0,41
331.5,29
332.0,40
332.5,34
333.0,35
333.5,41
334.0,38
334.5,32
335.0,38
335.5,35
336.0,29
336.5,29
337.0,34
337.5,30
338.0,34
338.5,26
339.0,34
339.5,27
340.0,31
340.5,15
341.0,44
341.5,37
342.0,27
342.5,17
343.0,34
343.5,23
344.0,27
344.5,31
345.0,29
345.5,28
346.0,34
346.5,27
347.0,28
347.5,22
348.0,31
348.5,35
349.0,31
349.5,44
350.0,30
350.5,29
351.0,27
351.5,33
352.0,33
352.5,15
353.0,28
353.5,34
354.0,18
354.5,22
355.0,25
355.5,30
356.0,25
356.5,21
357.0,34
357.5,26
358.0,22
358.5,19
359.0,25
359.5,23
360.0,25
360.5,27
361.0,26
361.5,14
362.0,25
362.5,20
363.0,20
363.5,25
364.0,27
364.5,26
365.0,25
365.5,24
366.0,23
366.5,23
367.0,23
367.5,26
368.0,25
368.5,27
369.0,18
369.5,22
370.0,17
370.5,17
371.0,16
371.5,24
372.0,17
372.5,14
373.0,25
373.5,33
374.0,19
374.5,11
375.0,18
375.5,20
376.0,5
376.5,10
377.0,11
377.5,11
378.0,15
378.5,11
379.0,23
379.5,14
380.0,19
380.5,14
381.0,14
381.5,12
382.0,7
382.5,11
383.0,13
383.5,9
384.0,11
384.5,8
385.0,12
385.5,5
386.0,14
386.5,16
387.0,7
387.5,8
388.0,9
388.5,5
389.0,9
389.5,3
390.0,9
390.5,10
391.0,2
391.5,6
392.0,6
392.5,6
393.0,7
393.5,3
394.0,2
394.5,3
395.0,3
395.5,3
396.0,1
396.5,2
397.0,3
397.5,2
398.0,1
398.5,1
399.0,2
399.5,1
400.0,1
400.5,1
401.5,2
402.0,1
403.0,2
404.0,1
